id,numbers,confidence,source
2026037,"[1, 5, 15, 19, 24, 33] | 01",59.87%,V7.1-Reinforced
2026037,"[1, 5, 15, 19, 24, 33] | 09",59.87%,V7.1-Reinforced
2026037,"[1, 5, 15, 19, 24, 33] | 13",59.87%,V7.1-Reinforced
2026037,"[1, 5, 16, 18, 23, 33] | 16",59.87%,V7.1-Reinforced
2026037,"[1, 5, 16, 18, 23, 33] | 05",59.87%,V7.1-Reinforced
2026037,"[1, 5, 16, 18, 23, 33] | 01",59.87%,V7.1-Rational
2026037,"[1, 5, 16, 18, 23, 33] | 09",59.87%,V7.1-Rational
2026037,"[1, 5, 16, 18, 23, 33] | 13",59.87%,V7.1-Rational
2026037,"[1, 4, 15, 18, 25, 33] | 16",59.84%,V7.1-Rational
2026037,"[1, 4, 15, 18, 25, 33] | 05",59.84%,V7.1-Rational
