id,r1,r2,r3,r4,r5,r6,b,date
2020027,12,13,14,24,25,28,6,2020-04-21
2020028,5,6,15,18,26,32,8,2020-04-23
2020029,1,12,18,20,30,32,5,2020-04-26
2020030,17,18,21,29,30,32,3,2020-04-28
2020031,2,5,9,15,16,27,9,2020-04-30
2020032,3,11,13,14,15,26,13,2020-05-03
2020033,7,10,12,21,31,32,1,2020-05-05
2020034,2,8,15,16,26,32,3,2020-05-07
2020035,10,14,24,25,28,33,11,2020-05-10
2020036,7,9,16,22,24,32,6,2020-05-12
2020037,1,4,11,13,17,24,15,2020-05-14
2020038,1,6,7,18,23,24,15,2020-05-17
2020039,2,9,10,11,16,29,2,2020-05-19
2020040,1,6,12,16,19,21,4,2020-05-21
2020041,6,7,16,22,24,25,13,2020-05-24
2020042,2,6,7,11,14,31,3,2020-05-26
2020043,1,11,24,25,27,30,7,2020-05-28
2020044,7,8,16,17,19,24,7,2020-05-31
2020045,2,3,15,21,22,33,16,2020-06-02
2020046,13,19,25,26,27,32,8,2020-06-04
2020047,4,10,17,19,28,32,1,2020-06-07
2020048,12,14,18,23,30,32,2,2020-06-09
2020049,1,7,9,12,18,22,4,2020-06-11
2020050,4,9,17,20,32,33,15,2020-06-14
2020051,3,6,8,11,19,28,8,2020-06-16
2020052,2,8,13,29,32,33,15,2020-06-18
2020053,2,14,15,16,32,33,1,2020-06-21
2020054,3,10,19,25,26,31,2,2020-06-23
2020055,1,5,7,23,28,30,12,2020-06-25
2020056,2,5,8,12,26,31,14,2020-06-28
2020057,9,14,21,23,26,32,3,2020-06-30
2020058,1,3,11,12,19,26,7,2020-07-02
2020059,2,4,10,17,22,25,14,2020-07-05
2020060,5,9,14,20,24,30,8,2020-07-07
2020061,8,17,24,26,27,31,4,2020-07-09
2020062,10,14,17,22,26,27,5,2020-07-12
2020063,12,15,16,22,29,32,14,2020-07-14
2020064,1,3,7,21,27,32,1,2020-07-16
2020065,9,15,18,21,23,26,8,2020-07-19
2020066,2,9,13,17,26,28,7,2020-07-21
2020067,4,7,9,23,27,30,8,2020-07-23
2020068,12,16,21,26,27,32,10,2020-07-26
2020069,3,9,10,13,18,26,4,2020-07-28
2020070,1,2,4,6,19,21,15,2020-07-30
2020071,9,11,12,13,22,23,8,2020-08-02
2020072,6,8,10,15,17,26,4,2020-08-04
2020073,5,7,11,13,27,29,3,2020-08-06
2020074,4,8,9,13,19,33,12,2020-08-09
2020075,3,11,13,20,24,30,16,2020-08-11
2020076,10,15,16,18,20,27,6,2020-08-13
2020077,3,10,16,21,25,27,12,2020-08-16
2020078,3,11,14,16,21,32,4,2020-08-18
2020079,5,12,20,21,22,29,14,2020-08-20
2020080,14,15,18,22,31,33,1,2020-08-23
2020081,1,5,13,14,27,33,15,2020-08-25
2020082,2,8,11,17,21,30,9,2020-08-27
2020083,1,19,25,26,30,31,12,2020-08-30
2020084,3,7,16,17,23,30,7,2020-09-01
2020085,1,2,5,9,19,24,16,2020-09-03
2020086,2,4,6,15,24,27,6,2020-09-06
2020087,11,15,20,23,25,33,10,2020-09-08
2020088,1,6,12,26,29,30,12,2020-09-10
2020089,2,14,16,21,29,30,10,2020-09-13
2020090,2,21,23,26,31,32,6,2020-09-15
2020091,1,9,11,12,16,19,16,2020-09-17
2020092,1,6,12,18,22,24,3,2020-09-20
2020093,4,5,10,13,15,19,15,2020-09-22
2020094,10,15,17,27,29,31,8,2020-09-24
2020095,3,9,16,17,20,26,2,2020-09-27
2020096,1,20,23,26,27,32,15,2020-09-29
2020097,2,8,21,25,26,30,10,2020-10-06
2020098,6,8,11,22,25,33,2,2020-10-08
2020099,5,6,11,12,15,30,12,2020-10-11
2020100,1,7,15,16,20,23,7,2020-10-13
2020101,10,17,24,25,28,30,15,2020-10-15
2020102,9,10,19,25,26,29,8,2020-10-18
2020103,4,9,10,22,28,32,8,2020-10-20
2020104,4,8,10,16,27,29,9,2020-10-22
2020105,6,14,19,20,22,24,1,2020-10-25
2020106,2,4,11,15,18,28,10,2020-10-27
2020107,3,9,11,24,25,28,16,2020-10-29
2020108,10,12,15,17,23,32,5,2020-11-01
2020109,6,13,16,20,23,32,13,2020-11-03
2020110,2,6,9,14,22,25,4,2020-11-05
2020111,6,9,17,22,24,26,16,2020-11-08
2020112,2,9,12,17,28,32,5,2020-11-10
2020113,1,3,7,10,22,32,11,2020-11-12
2020114,1,5,11,24,30,32,3,2020-11-15
2020115,1,4,12,20,25,32,2,2020-11-17
2020116,5,6,14,16,19,27,10,2020-11-19
2020117,7,8,9,10,16,27,7,2020-11-22
2020118,11,13,19,26,30,33,5,2020-11-24
2020119,1,9,22,28,32,33,15,2020-11-26
2020120,1,2,3,4,9,10,12,2020-11-29
2020121,2,4,6,21,25,29,3,2020-12-01
2020122,12,15,17,24,26,31,15,2020-12-03
2020123,1,3,18,19,26,29,3,2020-12-06
2020124,16,18,19,20,29,33,12,2020-12-08
2020125,5,12,16,26,30,31,13,2020-12-10
2020126,3,7,12,14,23,28,11,2020-12-13
2020127,1,4,18,19,26,31,7,2020-12-15
2020128,8,10,15,16,23,26,10,2020-12-17
2020129,1,2,5,15,28,33,4,2020-12-20
2020130,8,9,11,14,17,29,16,2020-12-22
2020131,8,19,22,26,27,30,7,2020-12-24
2020132,1,4,11,12,14,23,4,2020-12-27
2020133,3,19,22,23,27,29,7,2020-12-29
2020134,2,9,10,20,22,26,1,2020-12-31
2021001,2,3,13,18,20,31,11,2021-01-03
2021002,6,10,13,25,26,32,11,2021-01-05
2021003,6,9,16,18,22,29,11,2021-01-07
2021004,2,3,7,8,17,22,15,2021-01-10
2021005,7,9,14,26,30,31,4,2021-01-12
2021006,6,8,22,24,25,26,1,2021-01-14
2021007,2,4,12,21,25,32,16,2021-01-17
2021008,1,5,7,14,18,33,7,2021-01-19
2021009,2,4,7,24,25,32,13,2021-01-21
2021010,1,4,11,19,32,33,5,2021-01-24
2021011,5,10,16,23,27,33,14,2021-01-26
2021012,3,6,14,18,20,26,1,2021-01-28
2021013,6,9,12,16,27,31,6,2021-01-31
2021014,4,15,21,25,29,33,6,2021-02-02
2021015,6,14,16,26,28,29,7,2021-02-04
2021016,3,8,9,13,15,18,10,2021-02-07
2021017,9,15,18,29,32,33,2,2021-02-21
2021018,2,8,14,23,25,32,6,2021-02-23
2021019,12,16,17,24,28,29,8,2021-02-25
2021020,1,3,6,7,9,11,2,2021-02-28
2021021,4,8,17,24,28,33,13,2021-03-02
2021022,10,15,17,25,31,32,6,2021-03-04
2021023,2,21,22,23,27,28,11,2021-03-07
2021024,1,4,6,10,11,18,2,2021-03-09
2021025,6,8,14,17,18,30,11,2021-03-11
2021026,3,5,13,19,20,25,3,2021-03-14
2021027,5,7,9,16,20,26,8,2021-03-16
2021028,11,16,23,26,27,33,5,2021-03-18
2021029,8,10,15,17,22,30,12,2021-03-21
2021030,8,9,13,27,29,31,5,2021-03-23
2021031,6,11,21,25,28,31,7,2021-03-25
2021032,1,5,8,15,16,30,3,2021-03-28
2021033,2,12,13,14,31,33,6,2021-03-30
2021034,4,10,12,18,23,25,1,2021-04-01
2021035,12,14,18,20,26,28,11,2021-04-04
2021036,1,2,6,11,21,26,11,2021-04-06
2021037,13,17,19,24,26,30,12,2021-04-08
2021038,5,7,9,16,18,27,6,2021-04-11
2021039,2,8,21,24,29,31,13,2021-04-13
2021040,2,6,7,24,28,29,16,2021-04-15
2021041,2,9,18,23,26,32,14,2021-04-18
2021042,5,9,10,22,25,27,8,2021-04-20
2021043,2,3,17,18,23,24,1,2021-04-22
2021044,5,7,14,17,26,28,13,2021-04-25
2021045,1,4,14,15,17,32,2,2021-04-27
2021046,5,9,13,21,28,33,6,2021-04-29
2021047,3,7,13,16,24,29,1,2021-05-02
2021048,4,15,17,22,29,32,3,2021-05-04
2021049,4,11,13,22,25,32,1,2021-05-06
2021050,2,9,10,16,25,28,8,2021-05-09
2021051,8,9,10,19,27,29,15,2021-05-11
2021052,3,4,6,19,21,30,14,2021-05-13
2021053,7,10,14,16,24,33,16,2021-05-16
2021054,7,13,21,22,24,31,2,2021-05-18
2021055,3,11,12,16,22,28,10,2021-05-20
2021056,8,21,22,23,29,32,1,2021-05-23
2021057,5,6,9,17,25,33,16,2021-05-25
2021058,9,11,13,18,19,28,14,2021-05-27
2021059,1,9,11,18,32,33,14,2021-05-30
2021060,10,11,17,20,29,30,15,2021-06-01
2021061,4,9,12,18,20,23,1,2021-06-03
2021062,12,13,15,20,22,25,10,2021-06-06
2021063,4,5,6,9,23,24,9,2021-06-08
2021064,4,6,8,15,16,18,16,2021-06-10
2021065,1,4,8,19,29,33,16,2021-06-13
2021066,2,6,19,26,30,33,15,2021-06-15
2021067,1,11,19,23,25,29,9,2021-06-17
2021068,4,14,18,24,31,32,15,2021-06-20
2021069,6,11,18,20,23,26,5,2021-06-22
2021070,1,5,11,15,16,29,15,2021-06-24
2021071,1,7,24,31,32,33,8,2021-06-27
2021072,1,9,15,16,19,21,15,2021-06-29
2021073,1,6,18,22,24,25,8,2021-07-01
2021074,4,5,9,14,25,27,7,2021-07-04
2021075,12,15,16,21,22,29,1,2021-07-06
2021076,3,9,21,23,30,32,6,2021-07-08
2021077,8,15,17,25,27,30,10,2021-07-11
2021078,4,6,15,26,27,31,12,2021-07-13
2021079,1,3,10,24,28,29,13,2021-07-15
2021080,5,8,22,23,24,29,9,2021-07-18
2021081,1,3,5,18,22,23,1,2021-07-20
2021082,3,6,11,13,26,32,5,2021-07-22
2021083,4,9,11,25,28,33,4,2021-07-25
2021084,5,7,9,11,21,28,1,2021-07-27
2021085,5,6,7,11,14,20,2,2021-07-29
2021086,6,8,10,14,28,29,1,2021-08-01
2021087,2,13,16,19,23,24,4,2021-08-03
2021088,4,12,15,16,19,26,6,2021-08-05
2021089,1,2,7,13,23,24,12,2021-08-08
2021090,5,6,12,14,27,28,8,2021-08-10
2021091,4,6,16,24,26,33,16,2021-08-12
2021092,2,7,8,10,12,31,3,2021-08-15
2021093,5,11,15,23,28,33,3,2021-08-17
2021094,9,11,24,25,28,33,15,2021-08-19
2021095,8,12,17,24,27,28,13,2021-08-22
2021096,1,7,11,14,15,26,11,2021-08-24
2021097,3,11,12,13,25,28,12,2021-08-26
2021098,1,10,13,18,26,32,5,2021-08-29
2021099,9,11,17,18,20,27,15,2021-08-31
2021100,7,9,12,13,14,29,16,2021-09-02
2021101,2,4,12,22,29,31,1,2021-09-05
2021102,5,9,15,24,27,30,9,2021-09-07
2021103,10,13,15,25,29,30,15,2021-09-09
2021104,1,7,17,20,22,28,15,2021-09-12
2021105,10,14,15,22,27,32,9,2021-09-14
2021106,1,4,7,14,30,31,3,2021-09-16
2021107,2,3,17,19,25,30,1,2021-09-19
2021108,11,15,18,24,26,32,9,2021-09-21
2021109,2,3,10,17,20,26,16,2021-09-23
2021110,10,13,15,24,31,32,2,2021-09-26
2021111,17,20,22,23,26,28,6,2021-09-28
2021112,5,6,21,25,28,33,7,2021-09-30
2021113,4,7,10,22,27,30,2,2021-10-05
2021114,4,6,8,14,24,27,2,2021-10-07
2021115,2,10,12,15,24,27,8,2021-10-10
2021116,6,14,17,18,31,33,6,2021-10-12
2021117,3,5,17,21,27,33,4,2021-10-14
2021118,2,6,14,18,20,31,13,2021-10-17
2021119,3,9,10,11,28,29,13,2021-10-19
2021120,1,7,8,12,13,18,5,2021-10-21
2021121,4,5,12,16,22,30,15,2021-10-24
2021122,4,5,12,15,18,28,7,2021-10-26
2021123,6,14,15,19,29,31,5,2021-10-28
2021124,1,3,18,22,29,32,2,2021-10-31
2021125,14,19,20,23,24,31,9,2021-11-02
2021126,19,20,23,27,28,31,1,2021-11-04
2021127,7,15,16,20,27,29,7,2021-11-07
2021128,5,17,20,21,23,33,4,2021-11-09
2021129,4,15,21,27,28,29,10,2021-11-11
2021130,8,9,15,24,26,30,6,2021-11-14
2021131,8,11,18,19,20,24,1,2021-11-16
2021132,1,4,6,14,20,28,8,2021-11-18
2021133,1,3,12,19,27,31,10,2021-11-21
2021134,1,2,16,19,25,31,8,2021-11-23
2021135,3,10,17,19,21,31,4,2021-11-25
2021136,2,6,9,15,19,28,16,2021-11-28
2021137,3,7,10,14,21,24,1,2021-11-30
2021138,11,14,15,16,27,32,9,2021-12-02
2021139,12,14,19,23,24,27,1,2021-12-05
2021140,5,10,16,26,27,33,1,2021-12-07
2021141,1,14,19,23,26,30,10,2021-12-09
2021142,4,7,17,19,20,24,16,2021-12-12
2021143,1,9,11,13,20,29,9,2021-12-14
2021144,2,5,13,15,23,26,7,2021-12-16
2021145,4,7,10,14,16,26,9,2021-12-19
2021146,7,9,21,22,26,32,3,2021-12-21
2021147,5,10,11,13,27,28,9,2021-12-23
2021148,10,12,15,17,19,20,8,2021-12-26
2021149,5,10,15,18,19,32,5,2021-12-28
2021150,9,14,20,21,24,26,4,2021-12-30
2022001,6,13,15,17,20,21,3,2022-01-02
2022002,2,12,21,23,25,31,8,2022-01-04
2022003,2,5,16,17,18,30,6,2022-01-06
2022004,5,19,24,28,30,32,14,2022-01-09
2022005,7,10,12,16,19,31,16,2022-01-11
2022006,3,6,9,15,22,31,2,2022-01-13
2022007,1,20,22,23,25,28,16,2022-01-16
2022008,2,3,7,9,20,21,13,2022-01-18
2022009,4,15,17,19,25,28,16,2022-01-20
2022010,12,18,19,20,21,32,15,2022-01-23
2022011,6,15,23,24,25,33,15,2022-01-25
2022012,4,7,8,29,30,31,1,2022-01-27
2022013,2,3,4,7,10,18,15,2022-02-08
2022014,6,7,13,14,15,27,4,2022-02-10
2022015,6,14,16,27,28,31,7,2022-02-13
2022016,5,10,19,20,29,31,14,2022-02-15
2022017,6,9,24,29,30,32,7,2022-02-17
2022018,7,11,16,17,30,32,16,2022-02-20
2022019,5,6,14,20,21,25,8,2022-02-22
2022020,9,11,14,22,30,32,1,2022-02-24
2022021,3,7,22,24,26,31,14,2022-02-27
2022022,1,7,11,15,17,19,6,2022-03-01
2022023,7,12,17,19,24,25,2,2022-03-03
2022024,7,9,10,14,19,24,15,2022-03-06
2022025,6,19,24,25,28,32,4,2022-03-08
2022026,3,4,10,15,22,24,2,2022-03-10
2022027,14,15,18,19,26,32,9,2022-03-13
2022028,5,11,20,22,23,29,9,2022-03-15
2022029,3,8,10,13,26,32,8,2022-03-17
2022030,12,23,24,26,27,30,5,2022-03-20
2022031,1,10,11,22,26,32,7,2022-03-22
2022032,4,10,11,14,23,32,7,2022-03-24
2022033,5,12,19,22,25,26,5,2022-03-27
2022034,14,17,26,31,32,33,10,2022-03-29
2022035,8,12,13,19,23,25,15,2022-03-31
2022036,2,3,14,16,26,31,2,2022-04-03
2022037,1,10,13,20,22,32,14,2022-04-05
2022038,9,12,13,16,24,32,4,2022-04-07
2022039,2,6,7,10,15,20,5,2022-04-10
2022040,3,12,14,16,31,33,12,2022-04-12
2022041,5,7,21,22,24,29,14,2022-04-14
2022042,5,10,11,21,22,30,13,2022-04-17
2022043,2,17,20,23,25,27,8,2022-04-19
2022044,1,7,8,21,23,29,6,2022-04-21
2022045,3,12,17,18,19,28,4,2022-04-24
2022046,2,11,24,25,27,30,14,2022-04-26
2022047,3,7,8,14,27,30,9,2022-04-28
2022048,5,7,17,20,26,31,14,2022-05-01
2022049,2,4,7,18,25,26,10,2022-05-03
2022050,3,5,8,14,27,33,8,2022-05-05
2022051,2,5,11,17,21,33,1,2022-05-08
2022052,7,24,27,29,31,32,15,2022-05-10
2022053,10,14,18,23,27,33,15,2022-05-12
2022054,8,12,21,27,28,33,11,2022-05-15
2022055,2,4,9,26,28,33,3,2022-05-17
2022056,1,6,11,14,17,26,15,2022-05-19
2022057,12,15,20,26,30,33,16,2022-05-22
2022058,6,13,14,23,31,33,1,2022-05-24
2022059,6,9,18,19,29,33,6,2022-05-26
2022060,16,18,19,24,28,32,1,2022-05-29
2022061,1,3,16,18,29,33,6,2022-05-31
2022062,16,18,20,21,23,33,5,2022-06-02
2022063,6,8,9,17,22,31,11,2022-06-05
2022064,4,6,12,13,17,31,16,2022-06-07
2022065,9,14,18,23,28,31,2,2022-06-09
2022066,6,11,14,20,27,30,9,2022-06-12
2022067,1,5,13,21,26,29,15,2022-06-14
2022068,7,12,15,24,26,29,6,2022-06-16
2022069,6,7,13,19,26,29,8,2022-06-19
2022070,4,6,9,27,28,33,2,2022-06-21
2022071,4,7,15,18,29,33,1,2022-06-23
2022072,5,14,15,16,18,32,12,2022-06-26
2022073,6,10,14,15,26,29,12,2022-06-28
2022074,5,7,15,19,29,33,15,2022-06-30
2022075,1,2,4,25,26,30,10,2022-07-03
2022076,8,9,10,13,24,29,2,2022-07-05
2022077,3,17,18,19,20,27,16,2022-07-07
2022078,1,4,5,15,17,31,9,2022-07-10
2022079,1,9,15,17,22,23,16,2022-07-12
2022080,5,12,15,17,18,27,4,2022-07-14
2022081,4,8,11,21,27,30,1,2022-07-17
2022082,4,10,11,23,30,32,14,2022-07-19
2022083,8,12,13,14,19,20,5,2022-07-21
2022084,3,18,23,24,25,32,9,2022-07-24
2022085,7,9,14,31,32,33,13,2022-07-26
2022086,1,4,8,21,23,24,11,2022-07-28
2022087,5,6,9,13,23,25,8,2022-07-31
2022088,3,9,15,17,20,22,6,2022-08-02
2022089,2,7,15,29,31,33,15,2022-08-04
2022090,1,4,25,27,29,30,7,2022-08-07
2022091,8,18,20,22,24,28,10,2022-08-09
2022092,7,10,16,20,21,27,11,2022-08-11
2022093,21,22,24,28,29,32,14,2022-08-14
2022094,6,11,13,16,19,31,2,2022-08-16
2022095,4,13,14,18,20,28,8,2022-08-18
2022096,3,16,17,19,25,33,7,2022-08-21
2022097,4,5,10,13,30,31,14,2022-08-23
2022098,2,3,4,6,21,33,5,2022-08-25
2022099,1,11,23,24,26,32,15,2022-08-28
2022100,2,6,7,15,20,21,15,2022-08-30
2022101,4,16,18,19,27,28,4,2022-09-01
2022102,9,10,12,18,29,32,14,2022-09-04
2022103,6,9,12,14,20,28,10,2022-09-06
2022104,1,8,19,25,26,31,1,2022-09-08
2022105,6,12,13,15,21,23,15,2022-09-11
2022106,17,20,22,23,24,31,1,2022-09-13
2022107,3,9,11,15,19,28,16,2022-09-15
2022108,1,7,13,17,18,31,15,2022-09-18
2022109,4,11,13,19,22,33,11,2022-09-20
2022110,9,13,15,18,20,28,15,2022-09-22
2022111,2,10,11,13,28,31,1,2022-09-25
2022112,3,5,8,17,25,31,1,2022-09-27
2022113,13,14,20,24,27,29,2,2022-09-29
2022114,1,5,15,19,26,29,13,2022-10-06
2022115,6,7,18,20,27,29,9,2022-10-09
2022116,8,14,26,27,30,33,1,2022-10-11
2022117,4,13,17,18,28,29,6,2022-10-13
2022118,2,6,7,11,14,33,8,2022-10-16
2022119,2,5,15,18,26,27,4,2022-10-18
2022120,2,15,19,26,27,29,2,2022-10-20
2022121,12,17,22,27,30,31,2,2022-10-23
2022122,6,8,17,19,24,28,5,2022-10-25
2022123,10,13,16,20,21,25,5,2022-10-27
2022124,5,10,13,18,24,26,1,2022-10-30
2022125,2,3,7,12,20,31,16,2022-11-01
2022126,1,13,15,17,26,33,13,2022-11-03
2022127,3,4,9,10,29,33,13,2022-11-06
2022128,3,12,18,24,27,29,1,2022-11-08
2022129,10,12,14,22,24,27,7,2022-11-10
2022130,2,8,15,17,26,28,12,2022-11-13
2022131,3,5,10,13,19,29,6,2022-11-15
2022132,1,3,18,26,32,33,4,2022-11-17
2022133,5,8,16,17,21,25,12,2022-11-20
2022134,1,5,14,17,24,31,14,2022-11-22
2022135,9,11,13,24,28,32,6,2022-11-24
2022136,8,10,14,15,18,22,8,2022-11-27
2022137,8,21,23,27,28,33,1,2022-11-29
2022138,2,14,19,21,25,28,11,2022-12-01
2022139,6,7,9,16,17,19,14,2022-12-04
2022140,8,9,18,19,20,27,15,2022-12-06
2022141,5,12,13,17,20,27,14,2022-12-08
2022142,1,3,13,16,21,27,3,2022-12-11
2022143,7,8,13,29,30,33,3,2022-12-13
2022144,7,20,22,23,31,32,5,2022-12-15
2022145,3,21,25,30,31,33,11,2022-12-18
2022146,6,7,13,18,26,31,6,2022-12-20
2022147,2,3,7,13,20,30,10,2022-12-22
2022148,2,15,16,17,21,31,14,2022-12-25
2022149,2,22,26,29,32,33,14,2022-12-27
2022150,1,7,11,12,22,28,5,2022-12-29
2023001,9,16,18,22,28,32,2,2023-01-01
2023002,2,6,10,16,18,22,13,2023-01-03
2023003,5,8,18,25,30,32,6,2023-01-05
2023004,1,7,15,16,20,25,16,2023-01-08
2023005,2,6,8,13,14,19,16,2023-01-10
2023006,2,10,12,14,24,26,5,2023-01-12
2023007,5,6,9,22,25,31,3,2023-01-15
2023008,5,13,18,20,26,28,6,2023-01-17
2023009,3,4,19,23,30,32,6,2023-01-29
2023010,4,5,13,18,27,29,12,2023-01-31
2023011,6,7,16,17,21,22,4,2023-02-02
2023012,3,4,7,22,26,30,6,2023-02-05
2023013,6,10,14,22,23,33,13,2023-02-07
2023014,6,7,18,23,27,30,5,2023-02-09
2023015,2,3,14,21,29,32,8,2023-02-12
2023016,14,16,19,23,28,30,3,2023-02-14
2023017,5,11,18,20,26,28,12,2023-02-16
2023018,10,12,17,19,25,31,13,2023-02-19
2023019,6,12,26,28,29,32,15,2023-02-21
2023020,1,12,17,18,26,27,5,2023-02-23
2023021,2,5,6,19,21,27,4,2023-02-26
2023022,10,11,18,19,23,31,3,2023-02-28
2023023,5,8,10,15,24,25,9,2023-03-02
2023024,3,6,9,17,27,28,3,2023-03-05
2023025,4,16,20,21,31,32,14,2023-03-07
2023026,1,18,26,30,31,33,3,2023-03-09
2023027,8,10,22,27,32,33,8,2023-03-12
2023028,5,7,10,17,20,22,14,2023-03-14
2023029,3,7,12,24,28,33,8,2023-03-16
2023030,2,3,7,16,30,31,6,2023-03-19
2023031,7,14,27,29,31,33,5,2023-03-21
2023032,6,19,20,26,28,33,1,2023-03-23
2023033,8,9,13,23,24,26,5,2023-03-26
2023034,2,3,9,11,12,17,15,2023-03-28
2023035,1,4,9,10,20,33,6,2023-03-30
2023036,13,14,18,19,24,30,9,2023-04-02
2023037,8,23,25,26,29,31,12,2023-04-04
2023038,2,9,14,17,31,33,8,2023-04-06
2023039,2,3,9,13,19,28,9,2023-04-09
2023040,9,16,17,24,29,31,8,2023-04-11
2023041,1,6,12,13,15,24,6,2023-04-13
2023042,10,17,20,23,27,30,10,2023-04-16
2023043,5,8,12,20,24,28,10,2023-04-18
2023044,2,8,15,22,24,26,16,2023-04-20
2023045,3,6,12,21,27,28,4,2023-04-23
2023046,6,8,17,25,26,28,3,2023-04-25
2023047,5,7,14,23,31,33,7,2023-04-27
2023048,2,3,10,24,28,30,8,2023-04-30
2023049,5,7,14,23,25,27,2,2023-05-02
2023050,2,7,9,14,22,23,5,2023-05-04
2023051,22,26,29,30,32,33,14,2023-05-07
2023052,3,4,5,8,12,17,6,2023-05-09
2023053,1,7,14,20,27,30,15,2023-05-11
2023054,5,6,9,10,15,26,12,2023-05-14
2023055,3,4,20,23,27,32,13,2023-05-16
2023056,8,14,15,18,23,33,8,2023-05-18
2023057,2,5,10,17,24,32,3,2023-05-21
2023058,10,17,22,26,30,33,11,2023-05-23
2023059,2,6,13,22,27,32,6,2023-05-25
2023060,9,11,17,19,30,31,11,2023-05-28
2023061,1,4,6,11,12,22,15,2023-05-30
2023062,11,19,23,24,26,33,15,2023-06-01
2023063,4,8,17,20,22,27,13,2023-06-04
2023064,1,7,11,12,16,18,4,2023-06-06
2023065,2,14,17,20,26,33,14,2023-06-08
2023066,2,7,8,10,26,31,6,2023-06-11
2023067,1,3,12,19,28,32,14,2023-06-13
2023068,11,12,15,18,29,33,2,2023-06-15
2023069,12,14,17,20,21,26,2,2023-06-18
2023070,3,5,25,31,32,33,4,2023-06-20
2023071,5,12,15,19,24,26,6,2023-06-22
2023072,2,6,10,24,25,33,9,2023-06-25
2023073,1,3,15,16,25,32,10,2023-06-27
2023074,2,8,9,18,19,21,3,2023-06-29
2023075,13,15,24,28,30,31,1,2023-07-02
2023076,3,4,15,18,19,22,9,2023-07-04
2023077,7,9,14,22,26,27,1,2023-07-06
2023078,6,8,14,19,30,31,8,2023-07-09
2023079,5,6,9,12,21,22,7,2023-07-11
2023080,1,2,4,9,25,31,8,2023-07-13
2023081,1,11,15,16,22,31,15,2023-07-16
2023082,4,18,19,24,27,30,16,2023-07-18
2023083,7,10,12,16,17,30,12,2023-07-20
2023084,9,13,14,17,19,27,3,2023-07-23
2023085,11,18,23,24,31,33,13,2023-07-25
2023086,8,9,10,22,26,32,12,2023-07-27
2023087,2,9,15,17,28,33,1,2023-07-30
2023088,1,14,18,26,31,33,5,2023-08-01
2023089,8,13,15,27,28,31,11,2023-08-03
2023090,1,2,9,26,30,31,7,2023-08-06
2023091,16,20,22,26,30,32,16,2023-08-08
2023092,3,12,24,25,32,33,13,2023-08-10
2023093,10,21,24,25,27,32,7,2023-08-13
2023094,6,10,12,14,30,31,12,2023-08-15
2023095,3,8,16,17,22,26,11,2023-08-17
2023096,8,11,18,26,31,32,15,2023-08-20
2023097,1,9,14,19,29,30,15,2023-08-22
2023098,2,10,11,14,21,27,11,2023-08-24
2023099,9,11,14,19,27,33,5,2023-08-27
2023100,5,6,12,15,23,25,4,2023-08-29
2023101,1,5,9,15,18,26,4,2023-08-31
2023102,1,9,10,13,21,28,10,2023-09-03
2023103,5,6,13,24,25,29,15,2023-09-05
2023104,10,19,23,25,30,31,12,2023-09-07
2023105,1,3,5,26,30,32,16,2023-09-10
2023106,7,9,10,20,22,24,7,2023-09-12
2023107,3,7,18,25,29,33,14,2023-09-14
2023108,1,3,6,8,18,24,9,2023-09-17
2023109,6,8,10,13,16,28,13,2023-09-19
2023110,2,6,20,25,29,33,16,2023-09-21
2023111,5,6,12,17,20,33,9,2023-09-24
2023112,9,12,13,22,24,31,4,2023-09-26
2023113,1,2,13,18,25,27,3,2023-09-28
2023114,7,9,15,16,17,26,9,2023-10-05
2023115,2,7,16,21,26,27,16,2023-10-08
2023116,2,8,9,13,24,27,12,2023-10-10
2023117,2,11,14,17,18,28,8,2023-10-12
2023118,1,2,11,19,25,29,4,2023-10-15
2023119,1,2,3,19,21,28,15,2023-10-17
2023120,3,8,13,24,27,29,8,2023-10-19
2023121,2,12,16,25,30,31,12,2023-10-22
2023122,7,8,14,18,20,30,5,2023-10-24
2023123,10,13,15,22,29,32,15,2023-10-26
2023124,2,3,17,18,25,30,11,2023-10-29
2023125,11,14,15,27,30,33,4,2023-10-31
2023126,10,24,26,28,29,31,16,2023-11-02
2023127,3,8,19,22,26,32,14,2023-11-05
2023128,7,16,20,21,27,33,1,2023-11-07
2023129,8,9,12,17,32,33,4,2023-11-09
2023130,4,10,17,22,23,32,16,2023-11-12
2023131,6,7,14,20,26,32,1,2023-11-14
2023132,3,9,11,15,25,27,1,2023-11-16
2023133,4,5,10,14,22,25,3,2023-11-19
2023134,5,8,9,17,22,33,4,2023-11-21
2023135,5,6,11,13,28,30,7,2023-11-23
2023136,3,5,10,21,22,26,10,2023-11-26
2023137,3,12,17,19,23,27,11,2023-11-28
2023138,3,22,28,30,31,33,4,2023-11-30
2023139,12,14,19,21,27,31,11,2023-12-03
2023140,3,4,11,14,30,31,5,2023-12-05
2023141,1,8,11,12,21,23,3,2023-12-07
2023142,2,8,20,21,27,33,14,2023-12-10
2023143,5,7,9,16,23,30,15,2023-12-12
2023144,12,16,17,22,25,27,8,2023-12-14
2023145,7,10,21,22,23,24,11,2023-12-17
2023146,2,3,6,11,20,32,9,2023-12-19
2023147,5,6,14,16,19,32,12,2023-12-21
2023148,3,5,7,9,19,20,8,2023-12-24
2023149,2,10,19,24,26,33,15,2023-12-26
2023150,10,17,25,26,30,33,5,2023-12-28
2023151,1,15,16,20,25,27,5,2023-12-31
2024001,3,7,16,26,27,32,16,2024-01-02
2024002,4,9,10,17,19,20,9,2024-01-04
2024003,1,5,8,13,32,33,3,2024-01-07
2024004,9,13,17,18,21,27,4,2024-01-09
2024005,5,6,20,23,25,32,3,2024-01-11
2024006,7,18,20,21,26,32,5,2024-01-14
2024007,4,5,6,7,20,22,15,2024-01-16
2024008,8,20,21,23,27,30,13,2024-01-18
2024009,1,4,7,10,17,23,14,2024-01-21
2024010,11,16,20,21,23,24,4,2024-01-23
2024011,8,12,16,20,27,31,6,2024-01-25
2024012,1,3,7,18,22,28,15,2024-01-28
2024013,1,7,10,14,21,25,7,2024-01-30
2024014,1,2,10,22,24,25,13,2024-02-01
2024015,3,8,17,18,20,30,15,2024-02-04
2024016,7,12,20,24,32,33,4,2024-02-06
2024017,4,17,19,20,25,32,4,2024-02-18
2024018,6,15,17,24,28,29,16,2024-02-20
2024019,5,11,12,16,17,20,8,2024-02-22
2024020,3,8,12,14,17,33,8,2024-02-25
2024021,4,6,16,17,23,24,11,2024-02-27
2024022,2,9,11,14,18,26,6,2024-02-29
2024023,1,10,22,25,28,32,10,2024-03-03
2024024,3,7,21,24,26,30,10,2024-03-05
2024025,8,15,21,22,25,33,13,2024-03-07
2024026,4,7,18,19,20,25,6,2024-03-10
2024027,2,6,13,27,28,32,13,2024-03-12
2024028,3,7,8,11,18,19,5,2024-03-14
2024029,12,18,23,25,28,33,4,2024-03-17
2024030,1,8,22,25,29,33,10,2024-03-19
2024031,9,10,13,25,30,32,2,2024-03-21
2024032,1,3,4,11,12,21,16,2024-03-24
2024033,6,10,11,18,20,32,5,2024-03-26
2024034,2,9,12,19,21,31,4,2024-03-28
2024035,5,7,14,17,22,32,6,2024-03-31
2024036,2,8,9,12,21,31,2,2024-04-02
2024037,1,4,5,6,12,14,13,2024-04-04
2024038,8,10,18,23,27,31,2,2024-04-07
2024039,2,6,12,29,30,31,10,2024-04-09
2024040,11,14,18,19,23,26,2,2024-04-11
2024041,2,9,12,22,25,33,16,2024-04-14
2024042,2,4,5,14,26,32,14,2024-04-16
2024043,4,6,7,14,15,24,8,2024-04-18
2024044,2,6,17,25,32,33,6,2024-04-21
2024045,2,8,19,23,24,26,3,2024-04-23
2024046,2,6,10,11,17,29,15,2024-04-25
2024047,7,8,21,26,29,30,15,2024-04-28
2024048,2,9,15,19,26,28,2,2024-04-30
2024049,12,15,17,23,26,32,11,2024-05-02
2024050,1,3,7,10,22,33,2,2024-05-05
2024051,5,9,13,20,23,28,6,2024-05-07
2024052,7,10,11,15,17,21,3,2024-05-09
2024053,7,14,21,22,28,33,7,2024-05-12
2024054,8,13,20,25,31,32,3,2024-05-14
2024055,2,4,6,7,16,29,3,2024-05-16
2024056,5,18,20,24,25,26,6,2024-05-19
2024057,3,8,17,18,23,31,8,2024-05-21
2024058,8,12,13,17,27,29,13,2024-05-23
2024059,1,3,14,25,31,33,7,2024-05-26
2024060,1,2,6,10,22,28,15,2024-05-28
2024061,1,9,18,22,25,28,2,2024-05-30
2024062,1,7,10,16,18,27,16,2024-06-02
2024063,7,14,16,23,28,32,4,2024-06-04
2024064,6,8,17,18,28,30,5,2024-06-06
2024065,3,5,9,10,19,22,14,2024-06-09
2024066,8,9,12,22,26,32,13,2024-06-11
2024067,1,11,13,17,25,29,3,2024-06-13
2024068,1,2,7,19,20,21,1,2024-06-16
2024069,6,13,20,21,24,32,6,2024-06-18
2024070,4,13,18,20,22,28,5,2024-06-20
2024071,2,8,19,28,30,31,14,2024-06-23
2024072,1,14,20,21,23,27,6,2024-06-25
2024073,3,9,12,18,28,30,1,2024-06-27
2024074,7,8,10,22,24,32,7,2024-06-30
2024075,3,5,8,18,22,28,1,2024-07-02
2024076,3,22,24,27,29,32,15,2024-07-04
2024077,1,4,6,14,17,22,8,2024-07-07
2024078,5,9,14,21,22,26,12,2024-07-09
2024079,2,3,6,7,16,26,4,2024-07-11
2024080,6,11,12,27,29,30,13,2024-07-14
2024081,1,6,12,17,23,25,4,2024-07-16
2024082,1,2,13,16,17,29,16,2024-07-18
2024083,3,9,14,29,32,33,15,2024-07-21
2024084,1,8,10,13,19,29,13,2024-07-23
2024085,1,5,15,21,23,27,15,2024-07-25
2024086,17,19,20,23,25,31,2,2024-07-28
2024087,3,9,18,19,20,26,11,2024-07-30
2024088,3,8,10,17,30,32,10,2024-08-01
2024089,3,6,9,15,18,31,1,2024-08-04
2024090,7,11,17,24,31,32,12,2024-08-06
2024091,13,15,16,19,20,24,10,2024-08-08
2024092,3,8,11,12,18,29,5,2024-08-11
2024093,1,5,7,11,12,15,12,2024-08-13
2024094,6,13,17,22,25,27,9,2024-08-15
2024095,4,6,9,14,16,21,3,2024-08-18
2024096,2,4,14,18,23,27,13,2024-08-20
2024097,4,10,12,13,18,30,3,2024-08-22
2024098,3,8,10,20,30,31,2,2024-08-25
2024099,4,12,17,24,26,27,16,2024-08-27
2024100,13,14,19,20,27,30,5,2024-08-29
2024101,8,12,15,17,19,30,8,2024-09-01
2024102,9,15,18,21,22,25,1,2024-09-03
2024103,12,21,23,27,32,33,15,2024-09-05
2024104,5,16,23,24,26,29,4,2024-09-08
2024105,2,5,17,19,29,33,4,2024-09-10
2024106,3,8,11,22,31,33,4,2024-09-12
2024107,1,6,8,13,17,19,9,2024-09-15
2024108,1,8,9,23,24,30,8,2024-09-17
2024109,3,4,24,28,29,33,9,2024-09-19
2024110,4,13,17,23,25,33,14,2024-09-22
2024111,1,4,11,12,22,30,16,2024-09-24
2024112,8,11,16,25,29,32,3,2024-09-26
2024113,4,5,23,24,26,31,11,2024-09-29
2024114,7,11,18,24,27,32,4,2024-10-06
2024115,3,10,11,19,27,28,7,2024-10-08
2024116,1,15,20,22,31,32,3,2024-10-10
2024117,3,12,14,16,29,32,12,2024-10-13
2024118,2,3,4,6,11,15,14,2024-10-15
2024119,2,9,26,27,31,32,14,2024-10-17
2024120,1,5,7,11,18,19,7,2024-10-20
2024121,1,7,10,13,27,33,3,2024-10-22
2024122,5,7,9,16,17,29,15,2024-10-24
2024123,2,15,22,26,30,33,4,2024-10-27
2024124,2,14,15,17,25,30,11,2024-10-29
2024125,1,4,13,18,26,30,3,2024-10-31
2024126,14,18,23,24,26,33,10,2024-11-03
2024127,2,5,13,20,27,32,10,2024-11-05
2024128,1,8,13,18,20,26,16,2024-11-07
2024129,9,10,13,19,24,32,1,2024-11-10
2024130,1,8,12,17,19,24,16,2024-11-12
2024131,4,5,11,15,20,32,13,2024-11-14
2024132,1,4,25,27,28,33,3,2024-11-17
2024133,1,11,15,27,30,33,1,2024-11-19
2024134,2,4,13,16,18,20,16,2024-11-21
2024135,5,11,17,18,30,31,13,2024-11-24
2024136,3,11,15,21,25,26,3,2024-11-26
2024137,4,9,10,19,26,27,12,2024-11-28
2024138,2,7,11,21,27,28,2,2024-12-01
2024139,15,16,20,22,23,29,14,2024-12-03
2024140,4,7,8,17,22,26,15,2024-12-05
2024141,1,2,7,15,24,29,12,2024-12-08
2024142,4,6,13,21,22,25,6,2024-12-10
2024143,2,5,11,22,30,33,10,2024-12-12
2024144,2,9,11,17,20,30,11,2024-12-15
2024145,1,3,16,22,23,30,3,2024-12-17
2024146,2,4,11,22,27,32,10,2024-12-19
2024147,5,11,13,16,21,30,10,2024-12-22
2024148,2,6,15,16,21,23,11,2024-12-24
2024149,3,9,16,17,18,22,16,2024-12-26
2024150,13,14,20,22,26,32,2,2024-12-29
2024151,5,10,16,19,29,32,4,2024-12-31
2025001,2,3,17,18,22,33,16,2025-01-02
2025002,9,12,13,15,22,26,11,2025-01-05
2025003,10,19,20,26,28,29,15,2025-01-07
2025004,3,7,17,27,29,32,4,2025-01-09
2025005,10,16,19,27,28,30,9,2025-01-12
2025006,1,7,8,17,20,22,6,2025-01-14
2025007,7,8,14,18,21,27,11,2025-01-16
2025008,9,14,16,17,25,33,11,2025-01-19
2025009,2,4,11,12,23,25,6,2025-01-21
2025010,4,6,7,16,17,21,8,2025-01-23
2025011,6,13,17,22,24,29,11,2025-01-26
2025012,7,11,13,18,27,31,11,2025-02-06
2025013,4,14,16,23,24,30,14,2025-02-09
2025014,6,7,9,13,21,27,5,2025-02-11
2025015,4,11,15,24,25,33,15,2025-02-13
2025016,2,3,12,16,20,29,14,2025-02-16
2025017,4,12,15,18,28,29,5,2025-02-18
2025018,3,9,18,21,28,29,11,2025-02-20
2025019,5,13,17,18,22,23,11,2025-02-23
2025020,4,11,13,16,26,30,15,2025-02-25
2025021,7,8,16,18,25,32,14,2025-02-27
2025022,11,17,18,20,28,30,10,2025-03-02
2025023,9,12,13,24,25,33,7,2025-03-04
2025024,10,11,22,27,30,32,15,2025-03-06
2025025,12,15,21,23,25,30,2,2025-03-09
2025026,9,10,12,14,19,32,7,2025-03-11
2025027,5,7,8,15,16,23,6,2025-03-13
2025028,4,9,14,15,18,25,15,2025-03-16
2025029,5,15,16,25,30,33,16,2025-03-18
2025030,4,6,7,30,31,33,6,2025-03-20
2025031,1,5,6,8,23,28,1,2025-03-23
2025032,3,8,10,14,16,21,3,2025-03-25
2025033,3,5,18,25,26,33,8,2025-03-27
2025034,5,8,13,14,24,26,12,2025-03-30
2025035,1,8,16,18,25,31,1,2025-04-01
2025036,5,11,13,16,19,32,7,2025-04-03
2025037,3,6,11,20,21,31,2,2025-04-06
2025038,6,19,20,23,26,33,9,2025-04-08
2025039,8,10,12,15,17,23,11,2025-04-10
2025040,2,6,8,9,10,24,11,2025-04-13
2025041,6,10,17,19,25,31,6,2025-04-15
2025042,7,13,19,23,27,33,12,2025-04-17
2025043,3,12,16,19,20,32,13,2025-04-20
2025044,2,3,7,8,14,28,11,2025-04-22
2025045,2,14,19,24,29,33,13,2025-04-24
2025046,2,3,10,16,29,33,1,2025-04-27
2025047,1,14,21,22,23,31,12,2025-04-29
2025048,16,21,22,23,27,31,10,2025-05-01
2025049,3,6,19,27,29,33,11,2025-05-04
2025050,9,12,15,18,22,33,16,2025-05-06
2025051,1,2,3,4,17,22,1,2025-05-08
2025052,6,7,10,17,20,26,9,2025-05-11
2025053,6,9,10,13,30,33,7,2025-05-13
2025054,5,7,10,21,24,27,16,2025-05-15
2025055,2,5,22,27,29,33,12,2025-05-18
2025056,1,2,10,14,28,31,3,2025-05-20
2025057,4,9,15,16,25,30,14,2025-05-22
2025058,2,6,7,9,10,20,6,2025-05-25
2025059,4,10,11,12,13,24,1,2025-05-27
2025060,6,14,18,25,28,30,1,2025-05-29
2025061,6,7,9,10,11,32,9,2025-06-01
2025062,6,8,9,13,25,31,14,2025-06-03
2025063,2,19,21,22,28,30,1,2025-06-05
2025064,2,10,13,22,29,33,16,2025-06-08
2025065,6,10,13,14,15,20,11,2025-06-10
2025066,6,22,24,27,28,30,4,2025-06-12
2025067,1,5,10,17,20,22,5,2025-06-15
2025068,5,7,8,19,20,31,7,2025-06-17
2025069,2,4,19,23,27,30,5,2025-06-19
2025070,2,3,15,21,22,33,6,2025-06-22
2025071,1,12,18,23,25,28,7,2025-06-24
2025072,2,14,17,25,27,29,5,2025-06-26
2025073,2,7,10,27,30,33,11,2025-06-29
2025074,3,4,12,20,32,33,13,2025-07-01
2025075,10,12,14,19,20,21,15,2025-07-03
2025076,2,6,9,12,14,30,8,2025-07-06
2025077,4,7,8,15,20,21,15,2025-07-08
2025078,6,15,17,30,32,33,14,2025-07-10
2025079,8,11,14,15,30,32,5,2025-07-13
2025080,3,7,8,10,16,19,5,2025-07-15
2025081,3,6,18,20,23,28,5,2025-07-17
2025082,4,6,9,14,32,33,11,2025-07-20
2025083,10,15,16,17,27,29,12,2025-07-22
2025084,6,8,10,14,24,33,15,2025-07-24
2025085,11,14,15,18,21,24,13,2025-07-27
2025086,2,6,8,10,17,24,6,2025-07-29
2025087,2,6,14,15,24,26,8,2025-07-31
2025088,1,3,13,18,21,25,6,2025-08-03
2025089,4,6,8,18,31,33,5,2025-08-05
2025090,6,11,12,21,27,28,15,2025-08-07
2025091,3,4,17,19,25,27,14,2025-08-10
2025092,2,11,14,17,23,24,12,2025-08-12
2025093,9,11,12,24,25,26,10,2025-08-14
2025094,11,13,17,19,23,29,16,2025-08-17
2025095,15,16,22,23,26,32,4,2025-08-19
2025096,7,9,11,12,16,29,15,2025-08-21
2025097,3,5,16,23,26,31,14,2025-08-24
2025098,5,8,13,17,18,29,2,2025-08-26
2025099,9,11,15,17,22,26,14,2025-08-28
2025100,12,16,17,25,30,31,16,2025-08-31
2025101,5,8,9,10,16,21,5,2025-09-02
2025102,4,9,16,17,18,31,7,2025-09-04
2025103,13,16,21,25,28,31,16,2025-09-07
2025104,2,5,15,16,24,32,16,2025-09-09
2025105,4,7,18,24,26,28,8,2025-09-11
2025106,4,5,17,22,26,30,4,2025-09-14
2025107,2,3,10,15,25,33,13,2025-09-16
2025108,1,9,14,17,22,33,7,2025-09-18
2025109,5,6,9,17,18,31,3,2025-09-21
2025110,1,5,11,14,16,19,8,2025-09-23
2025111,9,14,18,28,31,33,12,2025-09-25
2025112,3,9,11,13,20,32,2,2025-09-28
2025113,8,10,13,15,24,31,16,2025-09-30
2025114,1,20,21,25,26,27,10,2025-10-05
2025115,2,3,8,19,24,30,2,2025-10-07
2025116,2,4,8,24,28,31,9,2025-10-09
2025117,6,8,17,20,25,33,10,2025-10-12
2025118,1,10,11,16,24,26,3,2025-10-14
2025119,6,9,23,26,28,32,11,2025-10-16
2025120,1,2,4,7,13,32,7,2025-10-19
2025121,6,8,10,25,29,30,8,2025-10-21
2025122,16,18,19,20,25,31,13,2025-10-23
2025123,7,9,23,24,25,26,10,2025-10-26
2025124,1,2,18,19,21,33,13,2025-10-28
2025125,3,9,12,13,26,32,9,2025-10-30
2025126,2,12,13,16,19,25,10,2025-11-02
2025127,3,9,15,17,19,28,3,2025-11-04
2025128,2,10,18,19,24,27,1,2025-11-06
2025129,3,4,7,13,20,30,3,2025-11-09
2025130,1,5,8,14,19,23,6,2025-11-11
2025131,3,13,14,18,24,31,3,2025-11-13
2025132,4,8,10,21,23,32,11,2025-11-16
2025133,5,14,17,19,20,33,7,2025-11-18
2025134,3,5,9,13,26,29,12,2025-11-20
2025135,1,2,5,9,25,32,10,2025-11-23
2025136,8,10,14,23,28,32,12,2025-11-25
2025137,2,8,11,23,27,29,5,2025-11-27
2025138,10,13,14,23,24,27,15,2025-11-30
2025139,2,5,17,22,30,33,6,2025-12-02
2025140,1,3,4,12,18,24,5,2025-12-04
2025141,2,4,5,10,12,13,6,2025-12-07
2025142,2,13,15,23,27,31,16,2025-12-09
2025143,2,9,12,13,15,24,3,2025-12-11
2025144,1,8,15,20,26,33,13,2025-12-14
2025145,11,12,15,18,25,32,14,2025-12-16
2025146,5,7,12,24,26,28,2,2025-12-18
2025147,1,3,5,8,22,33,8,2025-12-21
2025148,3,4,9,10,15,22,16,2025-12-23
2025149,1,2,4,6,22,30,10,2025-12-25
2025150,6,13,17,19,24,31,8,2025-12-28
2025151,8,9,14,22,28,30,4,2025-12-30
2026001,2,6,11,12,13,33,15,2026-01-01
2026002,1,5,7,18,30,32,2,2026-01-04
2026003,5,6,9,21,28,30,16,2026-01-06
2026004,3,7,8,9,18,32,10,2026-01-08
2026005,1,20,22,27,30,33,10,2026-01-11
2026006,2,6,22,23,24,28,15,2026-01-13
2026007,9,13,19,27,29,30,1,2026-01-15
2026008,6,9,16,27,31,33,10,2026-01-18
2026009,3,6,13,19,23,25,10,2026-01-20
2026010,4,9,10,15,19,26,12,2026-01-22
2026011,2,3,4,20,31,32,4,2026-01-25
2026012,3,5,7,16,20,24,8,2026-01-27
2026013,4,9,12,13,16,20,1,2026-01-29
2026014,7,13,19,22,26,32,1,2026-02-01
2026015,7,10,13,22,27,31,12,2026-02-03
2026016,4,5,9,10,27,30,13,2026-02-05
2026017,1,3,5,18,29,32,4,2026-02-08
2026018,11,15,17,22,25,30,7,2026-02-10
2026019,7,8,16,17,18,30,1,2026-02-12
2026020,1,13,14,21,24,30,2,2026-02-24
2026021,3,13,25,26,30,31,4,2026-02-26
2026022,15,18,23,25,28,32,11,2026-03-01
2026023,1,3,8,10,23,29,6,2026-03-03
2026024,1,2,13,21,23,29,14,2026-03-05
2026025,2,3,15,20,23,24,10,2026-03-08
2026026,2,9,16,22,25,29,3,2026-03-10
2026027,2,13,17,18,25,26,13,2026-03-12
2026028,2,6,9,17,25,28,15,2026-03-15
2026029,6,19,22,23,28,31,5,2026-03-17
2026030,10,11,14,19,22,24,4,2026-03-19
2026031,3,10,12,13,18,33,8,2026-03-22
2026032,1,3,11,18,31,33,2,2026-03-24
2026033,3,6,13,21,28,29,6,2026-03-26
2026034,1,3,7,13,22,23,7,2026-03-29
2026035,2,6,12,24,25,32,2,2026-03-31
2026036,6,10,12,15,22,28,8,2026-04-02
2026037,11,22,27,29,31,33,12,2026-04-05
2026038,1,2,13,23,25,27,5,2026-04-07
2026039,8,17,18,21,25,30,5,2026-04-09
